{"desktopweb":{"platform":"desktopweb","indexjl":"js","appName":"demo1","buildWar":"false","librarymode":"css","devicemessage":"Unknown Error Occurred <br/> Contact System Admin","deviceexception":"This device is currently not supported","importjsfiles":[],"javascripterrormsg":"To use this site, first enable your browser's JavaScript support and then refresh this page.","version":"1.0.0","category":"desktopweb/","bgcolor":"#ffffff","cssLazyLoad":true,"customFontsList":["FontAwesome","Lato-Regular"],"customFontsUrlList":["url('desktopweb/FontAwesome.ttf'), url('desktopweb/FontAwesome.eot')","url('desktopweb/Lato-Regular.ttf'), url('desktopweb/Lato-Regular.eot')"],"fontsObj":{"FontAwesome":"url('desktopweb/FontAwesome.ttf'), url('desktopweb/FontAwesome.eot')","Lato-Regular":"url('desktopweb/Lato-Regular.ttf'), url('desktopweb/Lato-Regular.eot')"},"style":"width: 100%; margin: 0px; padding: 0px;","bodyalign":"left","bodyAttrs":"style = \"width: 100%; margin: 0px; padding: 0px;\"  aria-busy=\"true\" aria-live=\"polite\" aria-relevant=\"additions\" aria-atomic=\"false\"","enablexfsdw":false,"enablexfs":"false","isDebug":"false","csslist":[],"jslist":[],"enableViewportZooming":false,"webcsslist":[],"webjslist":[],"webheadertags":[],"htmlAttrs":"","ieMetaTag":"<meta http-equiv=\"X-UA-Compatble\" content=\"IE=edge\">","headPageFileName":"736126656/desktopweb/head.html","bodyPageFileName":"736126656/desktopweb/body.html","baseTag":"<base href= \"/apps/demo1/736126656/\" target = \"_blank\"/>","baseLocalTag":"<base href= \"./\" target = \"_blank\"/>"},"indexPage":{"headPageFileName":"736126656/desktopweb/head.html","bodyPageFileName":"736126656/desktopweb/body.html","baseTag":"<base href= \"/apps/demo1/736126656/\" target = \"_blank\"/>","ieMetaTag":"<meta http-equiv=\"X-UA-Compatble\" content=\"IE=edge\">","htmlAttrs":"","bodyAttrs":"style = \"width: 100%; margin: 0px; padding: 0px;\"  aria-busy=\"true\" aria-live=\"polite\" aria-relevant=\"additions\" aria-atomic=\"false\""},"appconfig":{"buildoption":"debug","applocales":"","spa":"desktopweb","appid":"demo1","devicedblookup":"false","smsecure":"","cacheId":"736126656","cacheUrl":"demo1/736126656"}}